date,rank,handle,current_followers,comparison_followers,follower_change_30d_plus,growth_percent_30d_plus,comparison_date,comparison_days,comparison_source,current_total_posts,posts_since_previous_snapshot,previous_post_snapshot_date,ahead_of_nba,ahead_of_target
2026-09-08,1,tahnee.sheehan,88286,,,,,,,1968,,,yes,yes
2026-09-08,2,donnaatkins_theposingcoach,20080,,,,,,,1546,,,yes,yes
2026-09-08,3,natkitneyposingcoach,19152,,,,,,,6359,,,yes,yes
2026-09-08,4,australianposingschool,10438,,,,,,,2322,,,yes,yes
2026-09-08,5,theposinginstitute,9335,,,,,,,1134,,,yes,yes
2026-09-08,6,internationalposingacademy,7552,,,,,,,771,,,yes,yes
2026-09-08,7,wf.coaching,3582,,,,,,,1171,,,yes,yes
2026-09-08,8,melgreen_coaching,2856,,,,,,,736,,,yes,yes
2026-09-08,9,personalisedposing,2042,,,,,,,184,,,no,no
