date,handle,followers,published_content,source
2026-03-02,anb.australia,9200,484,historical_manual
2026-03-02,anbqldofficial,2000,0,historical_manual
2026-03-02,cbrfitexpo,2000,2,historical_manual
2026-03-02,dfba_global,1400,91,historical_manual
2026-03-02,icn.indonesia,1500,0,historical_manual
2026-03-02,icn_act,4300,202,historical_manual
2026-03-02,icn_nsw,15500,499,historical_manual
2026-03-02,icn_nt,1400,0,historical_manual
2026-03-02,icn_sa,6500,95,historical_manual
2026-03-02,icn_tasmania,2300,15,historical_manual
2026-03-02,icn_victoria,12200,334,historical_manual
2026-03-02,icn_wa,10900,192,historical_manual
2026-03-02,icnnewzealand,6000,313,historical_manual
2026-03-02,icnqld,17600,506,historical_manual
2026-03-02,ifbbproleagueoz,53600,175,historical_manual
2026-03-02,msfitnessaustralia,14800,99,historical_manual
2026-03-02,msfitnessaustralia_perth,1500,0,historical_manual
2026-03-02,msfitnessaustralia_vic,704,140,historical_manual
2026-03-02,nabbaaustralia,14300,303,historical_manual
2026-03-02,nbaaustralia_official,16600,534,historical_manual
2026-03-02,pca_australia,11200,167,historical_manual
2026-03-02,wnbfaustralia,6500,251,historical_manual
2026-03-02,ynf_australia,4900,0,historical_manual
2026-03-30,anb.australia,9200,534,historical_manual
2026-03-30,anbqldofficial,2000,0,historical_manual
2026-03-30,cbrfitexpo,2000,2,historical_manual
2026-03-30,dfba_global,1400,51,historical_manual
2026-03-30,icn.indonesia,1600,20,historical_manual
2026-03-30,icn_act,4400,299,historical_manual
2026-03-30,icn_nsw,15500,456,historical_manual
2026-03-30,icn_nt,1400,0,historical_manual
2026-03-30,icn_sa,6500,93,historical_manual
2026-03-30,icn_tasmania,2300,7,historical_manual
2026-03-30,icn_victoria,12300,363,historical_manual
2026-03-30,icn_wa,10900,186,historical_manual
2026-03-30,icnnewzealand,6000,342,historical_manual
2026-03-30,icnqld,17700,534,historical_manual
2026-03-30,ifbbproleagueoz,53600,216,historical_manual
2026-03-30,msfitnessaustralia,14900,120,historical_manual
2026-03-30,msfitnessaustralia_perth,1500,0,historical_manual
2026-03-30,msfitnessaustralia_vic,719,187,historical_manual
2026-03-30,nabbaaustralia,15100,310,historical_manual
2026-03-30,nbaaustralia_official,16700,542,historical_manual
2026-03-30,pca_australia,11300,143,historical_manual
2026-03-30,wnbfaustralia,6600,203,historical_manual
2026-03-30,ynf_australia,4800,0,historical_manual
2026-04-07,anb.australia,9200,538,historical_manual
2026-04-07,anbqldofficial,2000,0,historical_manual
2026-04-07,cbrfitexpo,2000,0,historical_manual
2026-04-07,dfba_global,1400,66,historical_manual
2026-04-07,icn.indonesia,1600,9,historical_manual
2026-04-07,icn_act,4500,334,historical_manual
2026-04-07,icn_nsw,15500,456,historical_manual
2026-04-07,icn_nt,1400,0,historical_manual
2026-04-07,icn_sa,6500,140,historical_manual
2026-04-07,icn_tasmania,2300,6,historical_manual
2026-04-07,icn_victoria,12300,351,historical_manual
2026-04-07,icn_wa,10900,192,historical_manual
2026-04-07,icnnewzealand,6000,366,historical_manual
2026-04-07,icnqld,17700,537,historical_manual
2026-04-07,ifbbproleagueoz,53800,262,historical_manual
2026-04-07,msfitnessaustralia,15000,125,historical_manual
2026-04-07,msfitnessaustralia_perth,1500,0,historical_manual
2026-04-07,msfitnessaustralia_vic,725,191,historical_manual
2026-04-07,nabbaaustralia,15300,265,historical_manual
2026-04-07,nbaaustralia_official,16800,540,historical_manual
2026-04-07,pca_australia,11300,135,historical_manual
2026-04-07,wnbfaustralia,6600,236,historical_manual
2026-04-07,ynf_australia,4800,0,historical_manual
2026-04-14,anb.australia,9200,540,historical_manual
2026-04-14,anbqldofficial,2000,0,historical_manual
2026-04-14,cbrfitexpo,2000,0,historical_manual
2026-04-14,dfba_global,1500,83,historical_manual
2026-04-14,icn.indonesia,1600,8,historical_manual
2026-04-14,icn_act,4500,365,historical_manual
2026-04-14,icn_nsw,15500,493,historical_manual
2026-04-14,icn_nt,1400,0,historical_manual
2026-04-14,icn_sa,6500,173,historical_manual
2026-04-14,icn_tasmania,2300,9,historical_manual
2026-04-14,icn_victoria,12400,344,historical_manual
2026-04-14,icn_wa,10900,251,historical_manual
2026-04-14,icnnewzealand,6100,411,historical_manual
2026-04-14,icnqld,17800,547,historical_manual
2026-04-14,ifbbproleagueoz,54100,372,historical_manual
2026-04-14,msfitnessaustralia,15000,145,historical_manual
2026-04-14,msfitnessaustralia_perth,1500,0,historical_manual
2026-04-14,msfitnessaustralia_vic,732,211,historical_manual
2026-04-14,nabbaaustralia,15800,227,historical_manual
2026-04-14,nbaaustralia_official,16800,541,historical_manual
2026-04-14,pca_australia,11300,166,historical_manual
2026-04-14,wnbfaustralia,6600,259,historical_manual
2026-04-14,ynf_australia,4800,0,historical_manual
2026-04-21,anb.australia,9300,541,historical_manual
2026-04-21,anbqldofficial,2000,0,historical_manual
2026-04-21,cbrfitexpo,2000,0,historical_manual
2026-04-21,dfba_global,1500,89,historical_manual
2026-04-21,icn.indonesia,1600,7,historical_manual
2026-04-21,icn_act,4500,371,historical_manual
2026-04-21,icn_nsw,15600,576,historical_manual
2026-04-21,icn_nt,1400,2,historical_manual
2026-04-21,icn_sa,6500,194,historical_manual
2026-04-21,icn_tasmania,2300,9,historical_manual
2026-04-21,icn_victoria,12400,300,historical_manual
2026-04-21,icn_wa,10900,308,historical_manual
2026-04-21,icnnewzealand,6100,435,historical_manual
2026-04-21,icnqld,18000,584,historical_manual
2026-04-21,ifbbproleagueoz,54400,454,historical_manual
2026-04-21,msfitnessaustralia,15000,149,historical_manual
2026-04-21,msfitnessaustralia_perth,1500,0,historical_manual
2026-04-21,msfitnessaustralia_vic,735,249,historical_manual
2026-04-21,nabbaaustralia,15800,217,historical_manual
2026-04-21,nbaaustralia_official,16800,540,historical_manual
2026-04-21,pca_australia,11400,215,historical_manual
2026-04-21,wnbfaustralia,6700,261,historical_manual
2026-04-21,ynf_australia,4800,0,historical_manual
2026-05-04,anb.australia,9400,567,historical_manual
2026-05-04,anbqldofficial,2000,0,historical_manual
2026-05-04,cbrfitexpo,2000,0,historical_manual
2026-05-04,dfba_global,1500,73,historical_manual
2026-05-04,icn.indonesia,1600,3,historical_manual
2026-05-04,icn_act,4600,587,historical_manual
2026-05-04,icn_nsw,15800,644,historical_manual
2026-05-04,icn_nt,1400,7,historical_manual
2026-05-04,icn_sa,6700,369,historical_manual
2026-05-04,icn_tasmania,2300,12,historical_manual
2026-05-04,icn_victoria,12500,302,historical_manual
2026-05-04,icn_wa,11000,552,historical_manual
2026-05-04,icnnewzealand,6100,463,historical_manual
2026-05-04,icnqld,18000,579,historical_manual
2026-05-04,ifbbproleagueoz,55100,743,historical_manual
2026-05-04,msfitnessaustralia,15100,216,historical_manual
2026-05-04,msfitnessaustralia_perth,1500,0,historical_manual
2026-05-04,msfitnessaustralia_vic,776,437,historical_manual
2026-05-04,nabbaaustralia,15800,216,historical_manual
2026-05-04,nbaaustralia_official,16900,570,historical_manual
2026-05-04,pca_australia,11400,239,historical_manual
2026-05-04,wnbfaustralia,6800,399,historical_manual
2026-05-04,ynf_australia,4800,0,historical_manual
2026-05-18,anb.australia,9500,599,historical_manual
2026-05-18,anbqldofficial,2000,0,historical_manual
2026-05-18,cbrfitexpo,2000,0,historical_manual
2026-05-18,dfba_global,1500,91,historical_manual
2026-05-18,icn.indonesia,1600,9,historical_manual
2026-05-18,icn_act,4600,442,historical_manual
2026-05-18,icn_nsw,15800,754,historical_manual
2026-05-18,icn_nt,1400,12,historical_manual
2026-05-18,icn_sa,6700,603,historical_manual
2026-05-18,icn_tasmania,2300,10,historical_manual
2026-05-18,icn_victoria,12500,350,historical_manual
2026-05-18,icn_wa,11000,370,historical_manual
2026-05-18,icnnewzealand,6200,574,historical_manual
2026-05-18,icnqld,17700,360,historical_manual
2026-05-18,ifbbproleagueoz,54900,350,historical_manual
2026-05-18,msfitnessaustralia,15000,379,historical_manual
2026-05-18,msfitnessaustralia_perth,1500,0,historical_manual
2026-05-18,msfitnessaustralia_vic,824,509,historical_manual
2026-05-18,nabbaaustralia,15700,276,historical_manual
2026-05-18,nbaaustralia_official,17200,665,historical_manual
2026-05-18,pca_australia,11300,146,historical_manual
2026-05-18,wnbfaustralia,6900,433,historical_manual
2026-05-18,ynf_australia,4700,0,historical_manual
2026-05-26,anb.australia,9500,588,historical_manual
2026-05-26,anbqldofficial,2000,0,historical_manual
2026-05-26,cbrfitexpo,2000,0,historical_manual
2026-05-26,dfba_global,1500,118,historical_manual
2026-05-26,icn.indonesia,1600,12,historical_manual
2026-05-26,icn_act,4600,283,historical_manual
2026-05-26,icn_nsw,15800,750,historical_manual
2026-05-26,icn_nt,1400,10,historical_manual
2026-05-26,icn_sa,6700,571,historical_manual
2026-05-26,icn_tasmania,2300,9,historical_manual
2026-05-26,icn_victoria,12500,335,historical_manual
2026-05-26,icn_wa,11000,230,historical_manual
2026-05-26,icnnewzealand,6200,582,historical_manual
2026-05-26,icnqld,17700,358,historical_manual
2026-05-26,ifbbproleagueoz,54900,298,historical_manual
2026-05-26,msfitnessaustralia,15000,376,historical_manual
2026-05-26,msfitnessaustralia_perth,1500,0,historical_manual
2026-05-26,msfitnessaustralia_vic,832,488,historical_manual
2026-05-26,nabbaaustralia,15900,310,historical_manual
2026-05-26,nbaaustralia_official,17300,667,historical_manual
2026-05-26,pca_australia,11300,155,historical_manual
2026-05-26,wnbfaustralia,6900,427,historical_manual
2026-05-26,ynf_australia,4700,0,historical_manual
2026-06-02,anb.australia,9500,575,historical_manual
2026-06-02,anbqldofficial,2000,0,historical_manual
2026-06-02,cbrfitexpo,2000,1,historical_manual
2026-06-02,dfba_global,1600,153,historical_manual
2026-06-02,icn.indonesia,1600,34,historical_manual
2026-06-02,icn_act,4600,271,historical_manual
2026-06-02,icn_nsw,15800,704,historical_manual
2026-06-02,icn_nt,1400,10,historical_manual
2026-06-02,icn_sa,6700,330,historical_manual
2026-06-02,icn_tasmania,2300,8,historical_manual
2026-06-02,icn_victoria,12500,330,historical_manual
2026-06-02,icn_wa,11000,175,historical_manual
2026-06-02,icnnewzealand,6300,580,historical_manual
2026-06-02,icnqld,17700,325,historical_manual
2026-06-02,ifbbproleagueoz,54900,121,historical_manual
2026-06-02,msfitnessaustralia,15000,279,historical_manual
2026-06-02,msfitnessaustralia_perth,1500,0,historical_manual
2026-06-02,msfitnessaustralia_vic,841,329,historical_manual
2026-06-02,nabbaaustralia,15800,378,historical_manual
2026-06-02,nbaaustralia_official,17300,652,historical_manual
2026-06-02,pca_australia,11300,150,historical_manual
2026-06-02,wnbfaustralia,6900,435,historical_manual
2026-06-02,ynf_australia,4700,0,historical_manual
2026-06-15,anb.australia,9500,470,historical_manual
2026-06-15,anbqldofficial,2000,0,historical_manual
2026-06-15,cbrfitexpo,2100,5,historical_manual
2026-06-15,dfba_global,1800,286,historical_manual
2026-06-15,icn.indonesia,1800,140,historical_manual
2026-06-15,icn_act,4600,196,historical_manual
2026-06-15,icn_nsw,15800,569,historical_manual
2026-06-15,icn_nt,1400,12,historical_manual
2026-06-15,icn_sa,6700,135,historical_manual
2026-06-15,icn_tasmania,2300,16,historical_manual
2026-06-15,icn_victoria,12600,278,historical_manual
2026-06-15,icn_wa,11000,75,historical_manual
2026-06-15,icnnewzealand,6300,609,historical_manual
2026-06-15,icnqld,17700,162,historical_manual
2026-06-15,ifbbproleagueoz,54900,65,historical_manual
2026-06-15,msfitnessaustralia,15000,128,historical_manual
2026-06-15,msfitnessaustralia_perth,1500,0,historical_manual
2026-06-15,msfitnessaustralia_vic,855,197,historical_manual
2026-06-15,nabbaaustralia,15800,567,historical_manual
2026-06-15,nbaaustralia_official,17800,600,historical_manual
2026-06-15,pca_australia,11300,141,historical_manual
2026-06-15,wnbfaustralia,7100,413,historical_manual
2026-06-15,ynf_australia,4700,0,historical_manual
2026-06-30,anb.australia,9500,370,historical_manual
2026-06-30,anbqldofficial,2000,0,historical_manual
2026-06-30,cbrfitexpo,2100,22,historical_manual
2026-06-30,dfba_global,1800,394,historical_manual
2026-06-30,icn.indonesia,1800,172,historical_manual
2026-06-30,icn_act,4600,117,historical_manual
2026-06-30,icn_nsw,15800,397,historical_manual
2026-06-30,icn_nt,1400,18,historical_manual
2026-06-30,icn_sa,6700,105,historical_manual
2026-06-30,icn_tasmania,2300,15,historical_manual
2026-06-30,icn_victoria,12700,314,historical_manual
2026-06-30,icn_wa,11000,88,historical_manual
2026-06-30,icnnewzealand,6300,521,historical_manual
2026-06-30,icnqld,17700,191,historical_manual
2026-06-30,ifbbproleagueoz,55300,330,historical_manual
2026-06-30,msfitnessaustralia,15100,117,historical_manual
2026-06-30,msfitnessaustralia_perth,1500,0,historical_manual
2026-06-30,msfitnessaustralia_vic,880,164,historical_manual
2026-06-30,nabbaaustralia,15800,591,historical_manual
2026-06-30,nbaaustralia_official,18000,553,historical_manual
2026-06-30,pca_australia,11300,116,historical_manual
2026-06-30,wnbfaustralia,7100,155,historical_manual
2026-06-30,ynf_australia,4700,0,historical_manual
2026-07-14,anb.australia,9500,422,historical_manual
2026-07-14,anbqldofficial,2000,0,historical_manual
2026-07-14,cbrfitexpo,2100,17,historical_manual
2026-07-14,dfba_global,1800,91,historical_manual
2026-07-14,icn.indonesia,1800,27,historical_manual
2026-07-14,icn_act,4600,133,historical_manual
2026-07-14,icn_nsw,15800,311,historical_manual
2026-07-14,icn_nt,1400,18,historical_manual
2026-07-14,icn_sa,6700,105,historical_manual
2026-07-14,icn_tasmania,2300,16,historical_manual
2026-07-14,icn_victoria,12700,319,historical_manual
2026-07-14,icn_wa,11000,152,historical_manual
2026-07-14,icnnewzealand,6300,528,historical_manual
2026-07-14,icnqld,17700,334,historical_manual
2026-07-14,ifbbproleagueoz,56100,541,historical_manual
2026-07-14,msfitnessaustralia,15200,106,historical_manual
2026-07-14,msfitnessaustralia_perth,1500,0,historical_manual
2026-07-14,msfitnessaustralia_vic,893,159,historical_manual
2026-07-14,nabbaaustralia,15900,236,historical_manual
2026-07-14,nbaaustralia_official,18200,569,historical_manual
2026-07-14,pca_australia,11300,127,historical_manual
2026-07-14,wnbfaustralia,7100,103,historical_manual
2026-07-14,ynf_australia,4700,0,historical_manual
