Date,Account,Followers (lifetime),Published content
2 Mar 2026,"anb.australia
anb.australia",9.2K,484
2 Mar 2026,"anbqldofficial
ANB QUEENSLAND OFFICIAL",2K,0
2 Mar 2026,"cbrfitexpo
Canberra Fitness Expo",2K,2
2 Mar 2026,"dfba_global
DFBA Global",1.4K,91
2 Mar 2026,"icn_act
ICN-ACT",4.3K,202
2 Mar 2026,"icn_nsw
ICN NSW",15.5K,499
2 Mar 2026,"icn_nt
ICN NT",1.4K,0
2 Mar 2026,"icn_sa
ICN South Australia",6.5K,95
2 Mar 2026,"icn_victoria
ICN Victoria (I Compete Natural)",12.2K,334
2 Mar 2026,"icn_wa
ICN WA",10.9K,192
2 Mar 2026,"icn.indonesia
ICN Indonesia",1.5K,0
2 Mar 2026,"icnnewzealand
ICN New Zealand",6K,313
2 Mar 2026,"icnqld
ICN QLD",17.6K,506
2 Mar 2026,"icntas
ICN Tasmania",2.3K,15
2 Mar 2026,"ifbbproleagueoz
Pro League Australia",53.6K,175
2 Mar 2026,"msfitnessaustralia
MS FITNESS AUSTRALIA",14.8K,99
2 Mar 2026,"msfitnessaustralia_perth
Ms Fitness Australia Perth",1.5K,0
2 Mar 2026,"msfitnessaustralia_vic
MS FITNESS AUSTRALIA VICTORIA",704,140
2 Mar 2026,"nabbaaustralia
NABBA INTERNATIONAL AUSTRALIA",14.3K,303
2 Mar 2026,"nbaaustralia_official
Natural Bodybuilding Australia",16.6K,534
2 Mar 2026,"pca_australia
PCA Australia",11.2K,167
2 Mar 2026,"wnbfaustralia
WNBF Australia",6.5K,251
2 Mar 2026,"ynf_australia
Your Natural Federation",4.9K,0
30 Mar 2026,"anb.australia
anb.australia",9.2K,534
30 Mar 2026,"anbqldofficial
ANB QUEENSLAND OFFICIAL",2K,0
30 Mar 2026,"cbrfitexpo
Canberra Fitness Expo",2K,2
30 Mar 2026,"dfba_global
DFBA Global",1.4K,51
30 Mar 2026,"icn_act
ICN-ACT",4.4K,299
30 Mar 2026,"icn_nsw
ICN NSW",15.5K,456
30 Mar 2026,"icn_nt
ICN NT",1.4K,0
30 Mar 2026,"icn_sa
ICN South Australia",6.5K,93
30 Mar 2026,"icn_victoria
ICN Victoria (I Compete Natural)",12.3K,363
30 Mar 2026,"icn_wa
ICN WA",10.9K,186
30 Mar 2026,"icn.indonesia
ICN Indonesia",1.6K,20
30 Mar 2026,"icnnewzealand
ICN New Zealand",6K,342
30 Mar 2026,"icnqld
ICN QLD",17.7K,534
30 Mar 2026,"icntas
ICN Tasmania",2.3K,7
30 Mar 2026,"ifbbproleagueoz
Pro League Australia",53.6K,216
30 Mar 2026,"msfitnessaustralia
MS FITNESS AUSTRALIA",14.9K,120
30 Mar 2026,"msfitnessaustralia_perth
Ms Fitness Australia Perth",1.5K,0
30 Mar 2026,"msfitnessaustralia_vic
MS FITNESS AUSTRALIA VICTORIA",719,187
30 Mar 2026,"nabbaaustralia
NABBA INTERNATIONAL AUSTRALIA",15.1K,310
30 Mar 2026,"nbaaustralia_official
Natural Bodybuilding Australia",16.7K,542
30 Mar 2026,"pca_australia
PCA Australia",11.3K,143
30 Mar 2026,"wnbfaustralia
WNBF Australia",6.6K,203
30 Mar 2026,"ynf_australia
Your Natural Federation",4.8K,0
7 Apr 2026,"anb.australia
anb.australia",9.2K,538
7 Apr 2026,"anbqldofficial
ANB QUEENSLAND OFFICIAL",2K,0
7 Apr 2026,"cbrfitexpo
Canberra Fitness Expo",2K,0
7 Apr 2026,"dfba_global
DFBA Global",1.4K,66
7 Apr 2026,"icn_act
ICN-ACT",4.5K,334
7 Apr 2026,"icn_nsw
ICN NSW",15.5K,456
7 Apr 2026,"icn_nt
ICN NT",1.4K,0
7 Apr 2026,"icn_sa
ICN South Australia",6.5K,140
7 Apr 2026,"icn_victoria
ICN Victoria (I Compete Natural)",12.3K,351
7 Apr 2026,"icn_wa
ICN WA",10.9K,192
7 Apr 2026,"icn.indonesia
ICN Indonesia",1.6K,9
7 Apr 2026,"icnnewzealand
ICN New Zealand",6K,366
7 Apr 2026,"icnqld
ICN QLD",17.7K,537
7 Apr 2026,"icntas
ICN Tasmania",2.3K,6
7 Apr 2026,"ifbbproleagueoz
Pro League Australia",53.8K,262
7 Apr 2026,"msfitnessaustralia
MS FITNESS AUSTRALIA",15K,125
7 Apr 2026,"msfitnessaustralia_perth
Ms Fitness Australia Perth",1.5K,0
7 Apr 2026,"msfitnessaustralia_vic
MS FITNESS AUSTRALIA VICTORIA",725,191
7 Apr 2026,"nabbaaustralia
NABBA INTERNATIONAL AUSTRALIA",15.3K,265
7 Apr 2026,"nbaaustralia_official
Natural Bodybuilding Australia",16.8K,540
7 Apr 2026,"pca_australia
PCA Australia",11.3K,135
7 Apr 2026,"wnbfaustralia
WNBF Australia",6.6K,236
7 Apr 2026,"ynf_australia
Your Natural Federation",4.8K,0
14 Apr 2026,"anb.australia
anb.australia",9.2K,540
14 Apr 2026,"anbqldofficial
ANB QUEENSLAND OFFICIAL",2K,0
14 Apr 2026,"cbrfitexpo
Canberra Fitness Expo",2K,0
14 Apr 2026,"dfba_global
DFBA Global",1.5K,83
14 Apr 2026,"icn_act
ICN-ACT",4.5K,365
14 Apr 2026,"icn_nsw
ICN NSW",15.5K,493
14 Apr 2026,"icn_nt
ICN NT",1.4K,0
14 Apr 2026,"icn_sa
ICN South Australia",6.5K,173
14 Apr 2026,"icn_victoria
ICN Victoria (I Compete Natural)",12.4K,344
14 Apr 2026,"icn_wa
ICN WA",10.9K,251
14 Apr 2026,"icn.indonesia
ICN Indonesia",1.6K,8
14 Apr 2026,"icnnewzealand
ICN New Zealand",6.1K,411
14 Apr 2026,"icnqld
ICN QLD",17.8K,547
14 Apr 2026,"icntas
ICN Tasmania",2.3K,9
14 Apr 2026,"ifbbproleagueoz
Pro League Australia",54.1K,372
14 Apr 2026,"msfitnessaustralia
MS FITNESS AUSTRALIA",15K,145
14 Apr 2026,"msfitnessaustralia_perth
Ms Fitness Australia Perth",1.5K,0
14 Apr 2026,"msfitnessaustralia_vic
MS FITNESS AUSTRALIA VICTORIA",732,211
14 Apr 2026,"nabbaaustralia
NABBA INTERNATIONAL AUSTRALIA",15.8K,227
14 Apr 2026,"nbaaustralia_official
Natural Bodybuilding Australia",16.8K,541
14 Apr 2026,"pca_australia
PCA Australia",11.3K,166
14 Apr 2026,"wnbfaustralia
WNBF Australia",6.6K,259
14 Apr 2026,"ynf_australia
Your Natural Federation",4.8K,0
21 Apr 2026,"anb.australia
anb.australia",9.3K,541
21 Apr 2026,"anbqldofficial
ANB QUEENSLAND OFFICIAL",2K,0
21 Apr 2026,"cbrfitexpo
Canberra Fitness Expo",2K,0
21 Apr 2026,"dfba_global
DFBA Global",1.5K,89
21 Apr 2026,"icn_act
ICN-ACT",4.5K,371
21 Apr 2026,"icn_nsw
ICN NSW",15.6K,576
21 Apr 2026,"icn_nt
ICN NT",1.4K,2
21 Apr 2026,"icn_sa
ICN South Australia",6.5K,194
21 Apr 2026,"icn_victoria
ICN Victoria (I Compete Natural)",12.4K,300
21 Apr 2026,"icn_wa
ICN WA",10.9K,308
21 Apr 2026,"icn.indonesia
ICN Indonesia",1.6K,7
21 Apr 2026,"icnnewzealand
ICN New Zealand",6.1K,435
21 Apr 2026,"icnqld
ICN QLD",18K,584
21 Apr 2026,"icntas
ICN Tasmania",2.3K,9
21 Apr 2026,"ifbbproleagueoz
Pro League Australia",54.4K,454
21 Apr 2026,"msfitnessaustralia
MS FITNESS AUSTRALIA",15K,149
21 Apr 2026,"msfitnessaustralia_perth
Ms Fitness Australia Perth",1.5K,0
21 Apr 2026,"msfitnessaustralia_vic
MS FITNESS AUSTRALIA VICTORIA",735,249
21 Apr 2026,"nabbaaustralia
NABBA INTERNATIONAL AUSTRALIA",15.8K,217
21 Apr 2026,"nbaaustralia_official
Natural Bodybuilding Australia",16.8K,540
21 Apr 2026,"pca_australia
PCA Australia",11.4K,215
21 Apr 2026,"wnbfaustralia
WNBF Australia",6.7K,261
21 Apr 2026,"ynf_australia
Your Natural Federation",4.8K,0
4 May 2026,"ifbbproleagueoz
Pro League Australia",55.1K,743
4 May 2026,"icnqld
ICN QLD",18K,579
4 May 2026,"nbaaustralia_official
Natural Bodybuilding Australia",16.9K,570
4 May 2026,"nabbaaustralia
NABBA INTERNATIONAL AUSTRALIA",15.8K,216
4 May 2026,"icn_nsw
ICN NSW",15.8K,644
4 May 2026,"msfitnessaustralia
MS FITNESS AUSTRALIA",15.1K,216
4 May 2026,"icn_victoria
ICN Victoria (I Compete Natural)",12.5K,302
4 May 2026,"pca_australia
PCA Australia",11.4K,239
4 May 2026,"icn_wa
ICN WA",11K,552
4 May 2026,"anb.australia
anb.australia",9.4K,567
4 May 2026,"wnbfaustralia
WNBF Australia",6.8K,399
4 May 2026,"icn_sa
ICN South Australia",6.7K,369
4 May 2026,"icnnewzealand
ICN New Zealand",6.1K,463
4 May 2026,"ynf_australia
Your Natural Federation",4.8K,0
4 May 2026,"icn_act
ICN-ACT",4.6K,587
4 May 2026,"icn_tasmania
ICN Tasmania",2.3K,12
4 May 2026,"anbqldofficial
ANB QUEENSLAND OFFICIAL",2K,0
4 May 2026,"cbrfitexpo
Canberra Fitness Expo",2K,0
4 May 2026,"icn.indonesia
ICN Indonesia",1.6K,3
4 May 2026,"msfitnessaustralia_perth
Ms Fitness Australia Perth",1.5K,0
4 May 2026,"dfba_global
DFBA Global",1.5K,73
4 May 2026,"icn_nt
ICN NT",1.4K,7
4 May 2026,"msfitnessaustralia_vic
MS FITNESS AUSTRALIA VICTORIA",776,437
18 May 2026,"icn.indonesia
ICN Indonesia",1.6K,9
18 May 2026,"anb.australia
anb.australia",9.5K,599
18 May 2026,"msfitnessaustralia_vic
MS FITNESS AUSTRALIA VICTORIA",824,509
18 May 2026,"nabbaaustralia
NABBA INTERNATIONAL AUSTRALIA",15.7K,276
18 May 2026,"pca_australia
PCA Australia",11.3K,146
18 May 2026,"dfba_global
DFBA Global",1.5K,91
18 May 2026,"icnnewzealand
ICN New Zealand",6.2K,574
18 May 2026,"msfitnessaustralia_perth
Ms Fitness Australia Perth",1.5K,0
18 May 2026,"icn_nt
ICN NT",1.4K,12
18 May 2026,"icn_sa
ICN South Australia",6.7K,603
18 May 2026,"icn_wa
ICN WA",11K,370
18 May 2026,"cbrfitexpo
Canberra Fitness Expo",2K,0
18 May 2026,"ynf_australia
Your Natural Federation",4.7K,0
18 May 2026,"wnbfaustralia
WNBF Australia",6.9K,433
18 May 2026,"anbqldofficial
ANB QUEENSLAND OFFICIAL",2K,0
18 May 2026,"ifbbproleagueoz
Pro League Australia",54.9K,350
18 May 2026,"msfitnessaustralia
MS FITNESS AUSTRALIA",15K,379
18 May 2026,"icn_act
ICN-ACT",4.6K,442
18 May 2026,"icn_tasmania
ICN Tasmania",2.3K,10
18 May 2026,"icn_victoria
ICN Victoria (I Compete Natural)",12.5K,350
18 May 2026,"icnqld
ICN QLD",17.7K,360
18 May 2026,"icn_nsw
ICN NSW",15.8K,754
18 May 2026,"nbaaustralia_official
Natural Bodybuilding Australia",17.2K,665
26 May 2026,"icn.indonesia
ICN Indonesia",1.6K,12
26 May 2026,"anb.australia
anb.australia",9.5K,588
26 May 2026,"msfitnessaustralia_vic
MS FITNESS AUSTRALIA VICTORIA",832,488
26 May 2026,"nabbaaustralia
NABBA INTERNATIONAL AUSTRALIA",15.9K,310
26 May 2026,"pca_australia
PCA Australia",11.3K,155
26 May 2026,"dfba_global
DFBA Global",1.5K,118
26 May 2026,"icnnewzealand
ICN New Zealand",6.2K,582
26 May 2026,"msfitnessaustralia_perth
Ms Fitness Australia Perth",1.5K,0
26 May 2026,"icn_nt
ICN NT",1.4K,10
26 May 2026,"icn_sa
ICN South Australia",6.7K,571
26 May 2026,"icn_wa
ICN WA",11K,230
26 May 2026,"cbrfitexpo
Canberra Fitness Expo",2K,0
26 May 2026,"ynf_australia
Your Natural Federation",4.7K,0
26 May 2026,"wnbfaustralia
WNBF Australia",6.9K,427
26 May 2026,"anbqldofficial
ANB QUEENSLAND OFFICIAL",2K,0
26 May 2026,"ifbbproleagueoz
Pro League Australia",54.9K,298
26 May 2026,"msfitnessaustralia
MS FITNESS AUSTRALIA",15K,376
26 May 2026,"icn_act
ICN-ACT",4.6K,283
26 May 2026,"icn_tasmania
ICN Tasmania",2.3K,9
26 May 2026,"icn_victoria
ICN Victoria (I Compete Natural)",12.5K,335
26 May 2026,"icnqld
ICN QLD",17.7K,358
26 May 2026,"icn_nsw
ICN NSW",15.8K,750
26 May 2026,"nbaaustralia_official
Natural Bodybuilding Australia",17.3K,667
2 Jun 2026,"icn.indonesia
ICN Indonesia",1.6K,34
2 Jun 2026,"anb.australia
anb.australia",9.5K,575
2 Jun 2026,"msfitnessaustralia_vic
MS FITNESS AUSTRALIA VICTORIA",841,329
2 Jun 2026,"nabbaaustralia
NABBA INTERNATIONAL AUSTRALIA",15.8K,378
2 Jun 2026,"pca_australia
PCA Australia",11.3K,150
2 Jun 2026,"dfba_global
DFBA Global",1.6K,153
2 Jun 2026,"icnnewzealand
ICN New Zealand",6.3K,580
2 Jun 2026,"msfitnessaustralia_perth
Ms Fitness Australia Perth",1.5K,0
2 Jun 2026,"icn_nt
ICN NT",1.4K,10
2 Jun 2026,"icn_sa
ICN South Australia",6.7K,330
2 Jun 2026,"icn_wa
ICN WA",11K,175
2 Jun 2026,"cbrfitexpo
Canberra Fitness Expo",2K,1
2 Jun 2026,"ynf_australia
Your Natural Federation",4.7K,0
2 Jun 2026,"wnbfaustralia
WNBF Australia",6.9K,435
2 Jun 2026,"anbqldofficial
ANB QUEENSLAND OFFICIAL",2K,0
2 Jun 2026,"ifbbproleagueoz
Pro League Australia",54.9K,121
2 Jun 2026,"msfitnessaustralia
MS FITNESS AUSTRALIA",15K,279
2 Jun 2026,"icn_act
ICN-ACT",4.6K,271
2 Jun 2026,"icn_tasmania
ICN Tasmania",2.3K,8
2 Jun 2026,"icn_victoria
ICN Victoria (I Compete Natural)",12.5K,330
2 Jun 2026,"icnqld
ICN QLD",17.7K,325
2 Jun 2026,"icn_nsw
ICN NSW",15.8K,704
2 Jun 2026,"nbaaustralia_official
Natural Bodybuilding Australia",17.3K,652
15 Jun 2026,"ifbbproleagueoz
Pro League Australia",54.9K,65
15 Jun 2026,"nbaaustralia_official
Natural Bodybuilding Australia",17.8K,600
15 Jun 2026,"icnqld
ICN QLD",17.7K,162
15 Jun 2026,"icn_nsw
ICN NSW",15.8K,569
15 Jun 2026,"nabbaaustralia
NABBA INTERNATIONAL AUSTRALIA",15.8K,567
15 Jun 2026,"msfitnessaustralia
MS FITNESS AUSTRALIA",15K,128
15 Jun 2026,"icn_victoria
ICN Victoria (I Compete Natural)",12.6K,278
15 Jun 2026,"pca_australia
PCA Australia",11.3K,141
15 Jun 2026,"icn_wa
ICN WA",11K,75
15 Jun 2026,"anb.australia
anb.australia",9.5K,470
15 Jun 2026,"wnbfaustralia
WNBF Australia",7.1K,413
15 Jun 2026,"icn_sa
ICN South Australia",6.7K,135
15 Jun 2026,"icnnewzealand
ICN New Zealand",6.3K,609
15 Jun 2026,"ynf_australia
Your Natural Federation",4.7K,0
15 Jun 2026,"icn_act
ICN-ACT",4.6K,196
15 Jun 2026,"icn_tasmania
ICN Tasmania",2.3K,16
15 Jun 2026,"cbrfitexpo
Canberra Fitness Expo",2.1K,5
15 Jun 2026,"anbqldofficial
ANB QUEENSLAND OFFICIAL",2K,0
15 Jun 2026,"dfba_global
DFBA Global",1.8K,286
15 Jun 2026,"icn.indonesia
ICN Indonesia",1.8K,140
15 Jun 2026,"msfitnessaustralia_perth
Ms Fitness Australia Perth",1.5K,0
15 Jun 2026,"icn_nt
ICN NT",1.4K,12
15 Jun 2026,"msfitnessaustralia_vic
MS FITNESS AUSTRALIA VICTORIA",855,197
30 Jun 2026,"icn.indonesia
ICN Indonesia",1.8K,172
30 Jun 2026,"anb.australia
anb.australia",9.5K,370
30 Jun 2026,"msfitnessaustralia_vic
MS FITNESS AUSTRALIA VICTORIA",880,164
30 Jun 2026,"nabbaaustralia
NABBA INTERNATIONAL AUSTRALIA",15.8K,591
30 Jun 2026,"pca_australia
PCA Australia",11.3K,116
30 Jun 2026,"dfba_global
DFBA Global",1.8K,394
30 Jun 2026,"icnnewzealand
ICN New Zealand",6.3K,521
30 Jun 2026,"msfitnessaustralia_perth
Ms Fitness Australia Perth",1.5K,0
30 Jun 2026,"icn_nt
ICN NT",1.4K,18
30 Jun 2026,"icn_sa
ICN South Australia",6.7K,105
30 Jun 2026,"icn_wa
ICN WA",11K,88
30 Jun 2026,"cbrfitexpo
Canberra Fitness Expo",2.1K,22
30 Jun 2026,"ynf_australia
Your Natural Federation",4.7K,0
30 Jun 2026,"wnbfaustralia
WNBF Australia",7.1K,155
30 Jun 2026,"anbqldofficial
ANB QUEENSLAND OFFICIAL",2K,0
30 Jun 2026,"ifbbproleagueoz
Pro League Australia",55.3K,330
30 Jun 2026,"msfitnessaustralia
MS FITNESS AUSTRALIA",15.1K,117
30 Jun 2026,"icn_act
ICN-ACT",4.6K,117
30 Jun 2026,"icn_tasmania
ICN Tasmania",2.3K,15
30 Jun 2026,"icn_victoria
ICN Victoria (I Compete Natural)",12.7K,314
30 Jun 2026,"icnqld
ICN QLD",17.7K,191
30 Jun 2026,"icn_nsw
ICN NSW",15.8K,397
30 Jun 2026,"nbaaustralia_official
Natural Bodybuilding Australia",18K,553
14 Jul 2026,"icn.indonesia
ICN Indonesia",1.8K,27
14 Jul 2026,"anb.australia
anb.australia",9.5K,422
14 Jul 2026,"msfitnessaustralia_vic
MS FITNESS AUSTRALIA VICTORIA",893,159
14 Jul 2026,"nabbaaustralia
NABBA INTERNATIONAL AUSTRALIA",15.9K,236
14 Jul 2026,"pca_australia
PCA Australia",11.3K,127
14 Jul 2026,"dfba_global
DFBA Global",1.8K,91
14 Jul 2026,"icnnewzealand
ICN New Zealand",6.3K,528
14 Jul 2026,"msfitnessaustralia_perth
Ms Fitness Australia Perth",1.5K,0
14 Jul 2026,"icn_nt
ICN NT",1.4K,18
14 Jul 2026,"icn_sa
ICN South Australia",6.7K,105
14 Jul 2026,"icn_wa
ICN WA",11K,152
14 Jul 2026,"cbrfitexpo
Canberra Fitness Expo",2.1K,17
14 Jul 2026,"ynf_australia
Your Natural Federation",4.7K,0
14 Jul 2026,"wnbfaustralia
WNBF Australia",7.1K,103
14 Jul 2026,"anbqldofficial
ANB QUEENSLAND OFFICIAL",2K,0
14 Jul 2026,"ifbbproleagueoz
Pro League Australia",56.1K,541
14 Jul 2026,"msfitnessaustralia
MS FITNESS AUSTRALIA",15.2K,106
14 Jul 2026,"icn_act
ICN-ACT",4.6K,133
14 Jul 2026,"icn_tasmania
ICN Tasmania",2.3K,16
14 Jul 2026,"icn_victoria
ICN Victoria (I Compete Natural)",12.7K,319
14 Jul 2026,"icnqld
ICN QLD",17.7K,334
14 Jul 2026,"icn_nsw
ICN NSW",15.8K,311
14 Jul 2026,"nbaaustralia_official
Natural Bodybuilding Australia",18.2K,569